Epoch,Loss Function,Learning Rate,Batch Size,Train Loss,Test Loss,Test Accuracy
1,CrossEntropyLoss,0.005,8,0.9803893956928872,0.6945223301649094,0.5
2,CrossEntropyLoss,0.005,8,0.32518679562669534,0.7260597810149193,0.5
1,NLLLoss,0.005,8,1.1519280672073364,0.69510016143322,0.5
2,NLLLoss,0.005,8,0.843257089646963,0.6969433605670929,0.5
