Epoch,Loss Function,Learning Rate,Batch Size,Train Loss,Test Loss,Test Accuracy
1,CrossEntropyLoss,0.001,8,0.5693577777307767,0.6933981776237488,0.5
2,CrossEntropyLoss,0.001,8,0.24474016748941863,0.6934265494346619,0.5
3,CrossEntropyLoss,0.001,8,0.21018179133534431,0.6940491616725921,0.5
1,NLLLoss,0.001,8,0.3534422493718851,0.6937134295701981,0.5
2,NLLLoss,0.001,8,0.34993795248178333,0.6934504508972168,0.5
3,NLLLoss,0.001,8,0.301934613344761,0.6947658121585846,0.5
