Epoch,Learning Rate,Batch Size,Train Loss,Test Loss,Test Accuracy
1,0.001,8,0.3664519258130055,0.6935036182403564,0.5
2,0.001,8,0.14018372224213985,0.6941218376159668,0.5
