Epoch,Loss Function,Learning Rate,Batch Size,Train Loss,Test Loss,Test Accuracy
1,CrossEntropyLoss,0.001,8,0.32420025198147273,0.6933466196060181,0.5
2,CrossEntropyLoss,0.001,8,0.5096454945070525,0.6931557953357697,0.5
1,NLLLoss,0.001,8,0.31511447763142103,0.6959677934646606,0.5
2,NLLLoss,0.001,8,0.24389524374587032,0.6931892931461334,0.5
